match_id,date,status,matchday,home_team,away_team,home_goals,away_goals,winner
559715,2026-08-21T18:45:00Z,FINISHED,1,Olympique de Marseille,RC Strasbourg Alsace,4,0,HOME_TEAM
559712,2026-08-22T15:15:00Z,FINISHED,1,Racing Club de Lens,AJ Auxerre,5,2,HOME_TEAM
559711,2026-08-22T18:45:00Z,FINISHED,1,Le Mans FC,Stade Brestois 29,2,2,DRAW
559714,2026-08-22T18:45:00Z,FINISHED,1,ES Troyes AC,Paris FC,0,0,DRAW
559716,2026-08-22T18:45:00Z,FINISHED,1,OGC Nice,FC Lorient,0,0,DRAW
559718,2026-08-22T18:45:00Z,FINISHED,1,Toulouse FC,Olympique Lyonnais,0,2,AWAY_TEAM
559717,2026-08-23T13:00:00Z,FINISHED,1,Angers SCO,Lille OSC,0,2,AWAY_TEAM
559719,2026-08-23T15:15:00Z,FINISHED,1,Le Havre AC,AS Monaco FC,0,1,AWAY_TEAM
559713,2026-08-23T18:45:00Z,FINISHED,1,Stade Rennais FC 1901,Paris Saint-Germain FC,2,2,DRAW
559702,2026-08-28T18:45:00Z,FINISHED,2,Lille OSC,Paris Saint-Germain FC,2,2,DRAW
559704,2026-08-29T15:15:00Z,FINISHED,2,RC Strasbourg Alsace,Racing Club de Lens,2,1,HOME_TEAM
559705,2026-08-29T18:45:00Z,FINISHED,2,FC Lorient,ES Troyes AC,1,2,AWAY_TEAM
559706,2026-08-29T18:45:00Z,FINISHED,2,Olympique Lyonnais,Le Havre AC,1,1,DRAW
559708,2026-08-29T18:45:00Z,FINISHED,2,AJ Auxerre,Angers SCO,1,3,AWAY_TEAM
559710,2026-08-29T18:45:00Z,FINISHED,2,Stade Brestois 29,Toulouse FC,2,2,DRAW
559707,2026-08-30T13:00:00Z,FINISHED,2,Paris FC,OGC Nice,3,0,HOME_TEAM
559709,2026-08-30T15:15:00Z,FINISHED,2,Stade Rennais FC 1901,Le Mans FC,3,2,HOME_TEAM
559703,2026-08-30T18:45:00Z,FINISHED,2,AS Monaco FC,Olympique de Marseille,2,0,HOME_TEAM
559696,2026-09-03T18:45:00Z,FINISHED,3,Toulouse FC,Lille OSC,0,1,AWAY_TEAM
559699,2026-09-04T17:00:00Z,FINISHED,3,Olympique Lyonnais,AJ Auxerre,3,1,HOME_TEAM
559697,2026-09-04T19:05:00Z,FINISHED,3,Paris Saint-Germain FC,AS Monaco FC,1,2,AWAY_TEAM
559695,2026-09-05T15:15:00Z,FINISHED,3,Racing Club de Lens,FC Lorient,0,1,AWAY_TEAM
559693,2026-09-05T18:45:00Z,FINISHED,3,Le Havre AC,Stade Brestois 29,1,2,AWAY_TEAM
559701,2026-09-05T18:45:00Z,FINISHED,3,OGC Nice,Le Mans FC,1,1,DRAW
559700,2026-09-06T13:00:00Z,FINISHED,3,ES Troyes AC,RC Strasbourg Alsace,2,6,AWAY_TEAM
559698,2026-09-06T15:15:00Z,FINISHED,3,Angers SCO,Stade Rennais FC 1901,1,2,AWAY_TEAM
559694,2026-09-06T18:45:00Z,FINISHED,3,Olympique de Marseille,Paris FC,2,3,AWAY_TEAM
559689,2026-09-11T18:45:00Z,FINISHED,4,Stade Rennais FC 1901,Olympique de Marseille,1,0,HOME_TEAM
559687,2026-09-12T15:15:00Z,FINISHED,4,RC Strasbourg Alsace,AS Monaco FC,1,1,DRAW
559684,2026-09-12T18:45:00Z,FINISHED,4,FC Lorient,Toulouse FC,2,2,DRAW
559688,2026-09-12T18:45:00Z,FINISHED,4,AJ Auxerre,OGC Nice,1,0,HOME_TEAM
559690,2026-09-12T18:45:00Z,FINISHED,4,Le Havre AC,Angers SCO,0,0,DRAW
559692,2026-09-12T18:45:00Z,FINISHED,4,Paris FC,Olympique Lyonnais,0,0,DRAW
559685,2026-09-13T13:00:00Z,FINISHED,4,Lille OSC,ES Troyes AC,2,0,HOME_TEAM
559686,2026-09-13T15:15:00Z,FINISHED,4,Le Mans FC,Racing Club de Lens,2,2,DRAW
559691,2026-09-13T18:45:00Z,FINISHED,4,Stade Brestois 29,Paris Saint-Germain FC,0,1,AWAY_TEAM
559682,2026-09-18T18:45:00Z,FINISHED,5,AS Monaco FC,Racing Club de Lens,2,1,HOME_TEAM
559679,2026-09-19T15:15:00Z,FINISHED,5,Paris FC,RC Strasbourg Alsace,2,1,HOME_TEAM
559677,2026-09-19T18:45:00Z,FINISHED,5,Le Mans FC,FC Lorient,2,1,HOME_TEAM
559680,2026-09-19T18:45:00Z,FINISHED,5,Toulouse FC,Le Havre AC,3,2,HOME_TEAM
559681,2026-09-19T18:45:00Z,FINISHED,5,Angers SCO,ES Troyes AC,2,0,HOME_TEAM
559683,2026-09-19T18:45:00Z,FINISHED,5,Olympique Lyonnais,Stade Rennais FC 1901,4,0,HOME_TEAM
559676,2026-09-20T13:00:00Z,FINISHED,5,AJ Auxerre,Stade Brestois 29,2,1,HOME_TEAM
559678,2026-09-20T15:15:00Z,FINISHED,5,OGC Nice,Lille OSC,2,1,HOME_TEAM
559675,2026-09-20T18:45:00Z,FINISHED,5,Olympique de Marseille,Paris Saint-Germain FC,1,2,AWAY_TEAM
559669,2026-10-09T18:45:00Z,FINISHED,6,Racing Club de Lens,Olympique Lyonnais,2,1,HOME_TEAM
559674,2026-10-10T15:15:00Z,TIMED,6,Lille OSC,Le Havre AC,,,
559666,2026-10-10T18:45:00Z,TIMED,6,Stade Brestois 29,Angers SCO,,,
559668,2026-10-10T18:45:00Z,TIMED,6,FC Lorient,Paris FC,,,
559672,2026-10-10T18:45:00Z,TIMED,6,Paris Saint-Germain FC,Le Mans FC,,,
559673,2026-10-10T18:45:00Z,TIMED,6,AS Monaco FC,Toulouse FC,,,
559670,2026-10-11T13:00:00Z,TIMED,6,OGC Nice,RC Strasbourg Alsace,,,
559667,2026-10-11T15:15:00Z,TIMED,6,Stade Rennais FC 1901,AJ Auxerre,,,
559671,2026-10-11T18:45:00Z,TIMED,6,ES Troyes AC,Olympique de Marseille,,,
559661,2026-10-16T18:45:00Z,TIMED,7,Le Mans FC,Toulouse FC,,,
559662,2026-10-17T15:15:00Z,TIMED,7,RC Strasbourg Alsace,Paris Saint-Germain FC,,,
559659,2026-10-17T18:45:00Z,TIMED,7,ES Troyes AC,Racing Club de Lens,,,
559660,2026-10-17T18:45:00Z,TIMED,7,Lille OSC,Stade Brestois 29,,,
559664,2026-10-18T13:00:00Z,TIMED,7,Angers SCO,Olympique de Marseille,,,
559657,2026-10-18T15:15:00Z,TIMED,7,FC Lorient,AS Monaco FC,,,
559658,2026-10-18T15:15:00Z,TIMED,7,Paris FC,Stade Rennais FC 1901,,,
559663,2026-10-18T15:15:00Z,TIMED,7,Le Havre AC,AJ Auxerre,,,
559665,2026-10-18T18:45:00Z,TIMED,7,Olympique Lyonnais,OGC Nice,,,
559654,2026-10-23T18:45:00Z,TIMED,8,Stade Brestois 29,OGC Nice,,,
559655,2026-10-24T15:15:00Z,TIMED,8,Toulouse FC,ES Troyes AC,,,
559652,2026-10-24T18:45:00Z,TIMED,8,Racing Club de Lens,Paris FC,,,
559650,2026-10-25T14:00:00Z,TIMED,8,AS Monaco FC,Lille OSC,,,
559649,2026-10-25T16:15:00Z,TIMED,8,Olympique de Marseille,Le Havre AC,,,
559651,2026-10-25T16:15:00Z,TIMED,8,Stade Rennais FC 1901,RC Strasbourg Alsace,,,
559653,2026-10-25T16:15:00Z,TIMED,8,Angers SCO,FC Lorient,,,
559656,2026-10-25T16:15:00Z,TIMED,8,AJ Auxerre,Le Mans FC,,,
559648,2026-10-25T19:45:00Z,TIMED,8,Paris Saint-Germain FC,Olympique Lyonnais,,,
559644,2026-10-30T18:00:00Z,TIMED,9,Le Havre AC,Paris Saint-Germain FC,,,
559639,2026-10-30T20:05:00Z,TIMED,9,Lille OSC,Racing Club de Lens,,,
559646,2026-10-31T16:15:00Z,TIMED,9,OGC Nice,Stade Rennais FC 1901,,,
559640,2026-10-31T19:45:00Z,TIMED,9,Olympique Lyonnais,Angers SCO,,,
559641,2026-10-31T19:45:00Z,TIMED,9,FC Lorient,Stade Brestois 29,,,
559643,2026-10-31T19:45:00Z,TIMED,9,ES Troyes AC,Le Mans FC,,,
559647,2026-11-01T14:00:00Z,TIMED,9,RC Strasbourg Alsace,AJ Auxerre,,,
559642,2026-11-01T16:15:00Z,TIMED,9,Paris FC,AS Monaco FC,,,
559645,2026-11-01T19:45:00Z,TIMED,9,Olympique de Marseille,Toulouse FC,,,
559638,2026-11-06T19:45:00Z,TIMED,10,Toulouse FC,RC Strasbourg Alsace,,,
559637,2026-11-07T16:15:00Z,TIMED,10,AJ Auxerre,Paris FC,,,
559635,2026-11-07T19:45:00Z,TIMED,10,Paris Saint-Germain FC,ES Troyes AC,,,
559636,2026-11-08T14:00:00Z,TIMED,10,Stade Rennais FC 1901,Lille OSC,,,
559631,2026-11-08T16:15:00Z,TIMED,10,Le Mans FC,AS Monaco FC,,,
559632,2026-11-08T16:15:00Z,TIMED,10,Stade Brestois 29,Olympique Lyonnais,,,
559633,2026-11-08T16:15:00Z,TIMED,10,Le Havre AC,FC Lorient,,,
559634,2026-11-08T16:15:00Z,TIMED,10,Angers SCO,OGC Nice,,,
559630,2026-11-08T19:45:00Z,TIMED,10,Racing Club de Lens,Olympique de Marseille,,,
559622,2026-11-20T19:45:00Z,TIMED,11,ES Troyes AC,Le Havre AC,,,
559628,2026-11-21T16:15:00Z,TIMED,11,OGC Nice,Paris Saint-Germain FC,,,
559621,2026-11-21T19:45:00Z,TIMED,11,AS Monaco FC,AJ Auxerre,,,
559623,2026-11-21T19:45:00Z,TIMED,11,Racing Club de Lens,Toulouse FC,,,
559624,2026-11-21T19:45:00Z,TIMED,11,Lille OSC,Olympique Lyonnais,,,
559627,2026-11-21T19:45:00Z,TIMED,11,RC Strasbourg Alsace,Stade Brestois 29,,,
559625,2026-11-22T14:00:00Z,TIMED,11,Paris FC,Angers SCO,,,
559626,2026-11-22T16:15:00Z,TIMED,11,FC Lorient,Stade Rennais FC 1901,,,
559629,2026-11-22T19:45:00Z,TIMED,11,Olympique de Marseille,Le Mans FC,,,
559616,2026-11-27T19:45:00Z,TIMED,12,Stade Brestois 29,Paris FC,,,
559612,2026-11-28T16:15:00Z,TIMED,12,Angers SCO,Racing Club de Lens,,,
559617,2026-11-28T19:45:00Z,TIMED,12,Le Mans FC,Lille OSC,,,
559620,2026-11-28T19:45:00Z,TIMED,12,OGC Nice,ES Troyes AC,,,
559613,2026-11-28T19:45:00Z,TIMED,12,Le Havre AC,RC Strasbourg Alsace,,,
559614,2026-11-28T19:45:00Z,TIMED,12,Paris Saint-Germain FC,FC Lorient,,,
559619,2026-11-29T14:00:00Z,TIMED,12,AJ Auxerre,Olympique de Marseille,,,
559618,2026-11-29T16:15:00Z,TIMED,12,Toulouse FC,Stade Rennais FC 1901,,,
559615,2026-11-29T19:45:00Z,TIMED,12,Olympique Lyonnais,AS Monaco FC,,,
559603,2026-12-05T00:00:00Z,SCHEDULED,13,ES Troyes AC,Olympique Lyonnais,,,
559604,2026-12-05T00:00:00Z,SCHEDULED,13,AS Monaco FC,Angers SCO,,,
559605,2026-12-05T00:00:00Z,SCHEDULED,13,Racing Club de Lens,Le Havre AC,,,
559606,2026-12-05T00:00:00Z,SCHEDULED,13,Lille OSC,AJ Auxerre,,,
559607,2026-12-05T00:00:00Z,SCHEDULED,13,Olympique de Marseille,OGC Nice,,,
559608,2026-12-05T00:00:00Z,SCHEDULED,13,Stade Rennais FC 1901,Stade Brestois 29,,,
559609,2026-12-05T00:00:00Z,SCHEDULED,13,Toulouse FC,Paris Saint-Germain FC,,,
559610,2026-12-05T00:00:00Z,SCHEDULED,13,RC Strasbourg Alsace,FC Lorient,,,
559611,2026-12-05T00:00:00Z,SCHEDULED,13,Paris FC,Le Mans FC,,,
559595,2026-12-12T00:00:00Z,SCHEDULED,14,OGC Nice,Racing Club de Lens,,,
559596,2026-12-12T00:00:00Z,SCHEDULED,14,Paris Saint-Germain FC,Paris FC,,,
559597,2026-12-12T00:00:00Z,SCHEDULED,14,Angers SCO,RC Strasbourg Alsace,,,
559598,2026-12-12T00:00:00Z,SCHEDULED,14,Stade Brestois 29,ES Troyes AC,,,
559599,2026-12-12T00:00:00Z,SCHEDULED,14,Le Havre AC,Le Mans FC,,,
559600,2026-12-12T00:00:00Z,SCHEDULED,14,Stade Rennais FC 1901,AS Monaco FC,,,
559601,2026-12-12T00:00:00Z,SCHEDULED,14,FC Lorient,Lille OSC,,,
559602,2026-12-12T00:00:00Z,SCHEDULED,14,AJ Auxerre,Toulouse FC,,,
559594,2026-12-13T19:45:00Z,TIMED,14,Olympique Lyonnais,Olympique de Marseille,,,
559586,2027-01-02T00:00:00Z,SCHEDULED,15,Le Mans FC,Olympique Lyonnais,,,
559587,2027-01-02T00:00:00Z,SCHEDULED,15,Stade Brestois 29,Olympique de Marseille,,,
559588,2027-01-02T00:00:00Z,SCHEDULED,15,ES Troyes AC,Stade Rennais FC 1901,,,
559589,2027-01-02T00:00:00Z,SCHEDULED,15,Toulouse FC,Angers SCO,,,
559590,2027-01-02T00:00:00Z,SCHEDULED,15,AS Monaco FC,OGC Nice,,,
559591,2027-01-02T00:00:00Z,SCHEDULED,15,Paris FC,Le Havre AC,,,
559592,2027-01-02T00:00:00Z,SCHEDULED,15,FC Lorient,AJ Auxerre,,,
559593,2027-01-02T00:00:00Z,SCHEDULED,15,Lille OSC,RC Strasbourg Alsace,,,
559585,2027-01-03T19:45:00Z,TIMED,15,Racing Club de Lens,Paris Saint-Germain FC,,,
559576,2027-01-16T00:00:00Z,SCHEDULED,16,Olympique de Marseille,Lille OSC,,,
559577,2027-01-16T00:00:00Z,SCHEDULED,16,Olympique Lyonnais,FC Lorient,,,
559578,2027-01-16T00:00:00Z,SCHEDULED,16,Paris FC,Toulouse FC,,,
559579,2027-01-16T00:00:00Z,SCHEDULED,16,Stade Rennais FC 1901,Racing Club de Lens,,,
559580,2027-01-16T00:00:00Z,SCHEDULED,16,OGC Nice,Le Havre AC,,,
559581,2027-01-16T00:00:00Z,SCHEDULED,16,AJ Auxerre,ES Troyes AC,,,
559582,2027-01-16T00:00:00Z,SCHEDULED,16,RC Strasbourg Alsace,Le Mans FC,,,
559583,2027-01-16T00:00:00Z,SCHEDULED,16,AS Monaco FC,Stade Brestois 29,,,
559584,2027-01-16T00:00:00Z,SCHEDULED,16,Angers SCO,Paris Saint-Germain FC,,,
559567,2027-01-23T00:00:00Z,SCHEDULED,17,Le Havre AC,Stade Rennais FC 1901,,,
559568,2027-01-23T00:00:00Z,SCHEDULED,17,RC Strasbourg Alsace,Olympique Lyonnais,,,
559569,2027-01-23T00:00:00Z,SCHEDULED,17,Lille OSC,Paris FC,,,
559570,2027-01-23T00:00:00Z,SCHEDULED,17,Racing Club de Lens,Stade Brestois 29,,,
559571,2027-01-23T00:00:00Z,SCHEDULED,17,Paris Saint-Germain FC,AJ Auxerre,,,
559572,2027-01-23T00:00:00Z,SCHEDULED,17,ES Troyes AC,AS Monaco FC,,,
559573,2027-01-23T00:00:00Z,SCHEDULED,17,FC Lorient,Olympique de Marseille,,,
559574,2027-01-23T00:00:00Z,SCHEDULED,17,Le Mans FC,Angers SCO,,,
559575,2027-01-23T00:00:00Z,SCHEDULED,17,Toulouse FC,OGC Nice,,,
559558,2027-01-30T00:00:00Z,SCHEDULED,18,Paris FC,AJ Auxerre,,,
559559,2027-01-30T00:00:00Z,SCHEDULED,18,Olympique Lyonnais,Lille OSC,,,
559560,2027-01-30T00:00:00Z,SCHEDULED,18,Stade Rennais FC 1901,FC Lorient,,,
559561,2027-01-30T00:00:00Z,SCHEDULED,18,Le Mans FC,OGC Nice,,,
559562,2027-01-30T00:00:00Z,SCHEDULED,18,Olympique de Marseille,ES Troyes AC,,,
559563,2027-01-30T00:00:00Z,SCHEDULED,18,Angers SCO,Le Havre AC,,,
559564,2027-01-30T00:00:00Z,SCHEDULED,18,Stade Brestois 29,RC Strasbourg Alsace,,,
559565,2027-01-30T00:00:00Z,SCHEDULED,18,AS Monaco FC,Paris Saint-Germain FC,,,
559566,2027-01-30T00:00:00Z,SCHEDULED,18,Toulouse FC,Racing Club de Lens,,,
559550,2027-02-06T00:00:00Z,SCHEDULED,19,ES Troyes AC,Lille OSC,,,
559551,2027-02-06T00:00:00Z,SCHEDULED,19,Racing Club de Lens,Angers SCO,,,
559552,2027-02-06T00:00:00Z,SCHEDULED,19,Le Havre AC,Toulouse FC,,,
559553,2027-02-06T00:00:00Z,SCHEDULED,19,FC Lorient,Le Mans FC,,,
559554,2027-02-06T00:00:00Z,SCHEDULED,19,OGC Nice,Stade Brestois 29,,,
559555,2027-02-06T00:00:00Z,SCHEDULED,19,Stade Rennais FC 1901,Olympique Lyonnais,,,
559556,2027-02-06T00:00:00Z,SCHEDULED,19,RC Strasbourg Alsace,Paris FC,,,
559557,2027-02-06T00:00:00Z,SCHEDULED,19,AJ Auxerre,AS Monaco FC,,,
559549,2027-02-07T19:45:00Z,TIMED,19,Paris Saint-Germain FC,Olympique de Marseille,,,
559540,2027-02-13T00:00:00Z,SCHEDULED,20,Stade Brestois 29,Stade Rennais FC 1901,,,
559541,2027-02-13T00:00:00Z,SCHEDULED,20,Paris FC,ES Troyes AC,,,
559542,2027-02-13T00:00:00Z,SCHEDULED,20,Le Mans FC,Paris Saint-Germain FC,,,
559543,2027-02-13T00:00:00Z,SCHEDULED,20,FC Lorient,Le Havre AC,,,
559544,2027-02-13T00:00:00Z,SCHEDULED,20,AJ Auxerre,RC Strasbourg Alsace,,,
559545,2027-02-13T00:00:00Z,SCHEDULED,20,Toulouse FC,AS Monaco FC,,,
559546,2027-02-13T00:00:00Z,SCHEDULED,20,Olympique de Marseille,Angers SCO,,,
559547,2027-02-13T00:00:00Z,SCHEDULED,20,Lille OSC,OGC Nice,,,
559548,2027-02-13T00:00:00Z,SCHEDULED,20,Olympique Lyonnais,Racing Club de Lens,,,
559531,2027-02-20T00:00:00Z,SCHEDULED,21,Angers SCO,Paris FC,,,
559532,2027-02-20T00:00:00Z,SCHEDULED,21,Stade Rennais FC 1901,Toulouse FC,,,
559533,2027-02-20T00:00:00Z,SCHEDULED,21,Paris Saint-Germain FC,Stade Brestois 29,,,
559534,2027-02-20T00:00:00Z,SCHEDULED,21,RC Strasbourg Alsace,Olympique de Marseille,,,
559535,2027-02-20T00:00:00Z,SCHEDULED,21,OGC Nice,AJ Auxerre,,,
559536,2027-02-20T00:00:00Z,SCHEDULED,21,Le Havre AC,Olympique Lyonnais,,,
559537,2027-02-20T00:00:00Z,SCHEDULED,21,AS Monaco FC,Le Mans FC,,,
559538,2027-02-20T00:00:00Z,SCHEDULED,21,Lille OSC,FC Lorient,,,
559539,2027-02-20T00:00:00Z,SCHEDULED,21,Racing Club de Lens,ES Troyes AC,,,
559523,2027-02-27T00:00:00Z,SCHEDULED,22,RC Strasbourg Alsace,Le Havre AC,,,
559524,2027-02-27T00:00:00Z,SCHEDULED,22,AJ Auxerre,Lille OSC,,,
559525,2027-02-27T00:00:00Z,SCHEDULED,22,ES Troyes AC,OGC Nice,,,
559526,2027-02-27T00:00:00Z,SCHEDULED,22,Stade Brestois 29,AS Monaco FC,,,
559527,2027-02-27T00:00:00Z,SCHEDULED,22,FC Lorient,Angers SCO,,,
559528,2027-02-27T00:00:00Z,SCHEDULED,22,Olympique de Marseille,Stade Rennais FC 1901,,,
559529,2027-02-27T00:00:00Z,SCHEDULED,22,Olympique Lyonnais,Toulouse FC,,,
559530,2027-02-27T00:00:00Z,SCHEDULED,22,Le Mans FC,Paris FC,,,
559522,2027-02-28T19:45:00Z,TIMED,22,Paris Saint-Germain FC,Racing Club de Lens,,,
559513,2027-03-06T00:00:00Z,SCHEDULED,23,Le Havre AC,OGC Nice,,,
559514,2027-03-06T00:00:00Z,SCHEDULED,23,Paris Saint-Germain FC,Stade Rennais FC 1901,,,
559515,2027-03-06T00:00:00Z,SCHEDULED,23,Racing Club de Lens,RC Strasbourg Alsace,,,
559516,2027-03-06T00:00:00Z,SCHEDULED,23,Toulouse FC,Le Mans FC,,,
559517,2027-03-06T00:00:00Z,SCHEDULED,23,ES Troyes AC,FC Lorient,,,
559518,2027-03-06T00:00:00Z,SCHEDULED,23,Angers SCO,AJ Auxerre,,,
559519,2027-03-06T00:00:00Z,SCHEDULED,23,AS Monaco FC,Olympique Lyonnais,,,
559520,2027-03-06T00:00:00Z,SCHEDULED,23,Paris FC,Stade Brestois 29,,,
559521,2027-03-06T00:00:00Z,SCHEDULED,23,Lille OSC,Olympique de Marseille,,,
559504,2027-03-13T00:00:00Z,SCHEDULED,24,OGC Nice,Toulouse FC,,,
559505,2027-03-13T00:00:00Z,SCHEDULED,24,Paris FC,FC Lorient,,,
559506,2027-03-13T00:00:00Z,SCHEDULED,24,RC Strasbourg Alsace,Angers SCO,,,
559507,2027-03-13T00:00:00Z,SCHEDULED,24,Le Mans FC,Stade Rennais FC 1901,,,
559508,2027-03-13T00:00:00Z,SCHEDULED,24,Stade Brestois 29,Lille OSC,,,
559509,2027-03-13T00:00:00Z,SCHEDULED,24,Le Havre AC,Racing Club de Lens,,,
559510,2027-03-13T00:00:00Z,SCHEDULED,24,Olympique de Marseille,AS Monaco FC,,,
559511,2027-03-13T00:00:00Z,SCHEDULED,24,AJ Auxerre,Paris Saint-Germain FC,,,
559512,2027-03-13T00:00:00Z,SCHEDULED,24,Olympique Lyonnais,ES Troyes AC,,,
559496,2027-03-20T00:00:00Z,SCHEDULED,25,Angers SCO,Le Mans FC,,,
559497,2027-03-20T00:00:00Z,SCHEDULED,25,Toulouse FC,Stade Brestois 29,,,
559498,2027-03-20T00:00:00Z,SCHEDULED,25,ES Troyes AC,AJ Auxerre,,,
559499,2027-03-20T00:00:00Z,SCHEDULED,25,Stade Rennais FC 1901,Paris FC,,,
559500,2027-03-20T00:00:00Z,SCHEDULED,25,AS Monaco FC,Le Havre AC,,,
559501,2027-03-20T00:00:00Z,SCHEDULED,25,Paris Saint-Germain FC,RC Strasbourg Alsace,,,
559502,2027-03-20T00:00:00Z,SCHEDULED,25,Racing Club de Lens,Lille OSC,,,
559503,2027-03-20T00:00:00Z,SCHEDULED,25,FC Lorient,OGC Nice,,,
559495,2027-03-21T19:45:00Z,TIMED,25,Olympique de Marseille,Olympique Lyonnais,,,
559486,2027-04-03T00:00:00Z,SCHEDULED,26,Le Havre AC,ES Troyes AC,,,
559487,2027-04-03T00:00:00Z,SCHEDULED,26,Angers SCO,AS Monaco FC,,,
559488,2027-04-03T00:00:00Z,SCHEDULED,26,Le Mans FC,Olympique de Marseille,,,
559489,2027-04-03T00:00:00Z,SCHEDULED,26,AJ Auxerre,Racing Club de Lens,,,
559490,2027-04-03T00:00:00Z,SCHEDULED,26,Lille OSC,Stade Rennais FC 1901,,,
559491,2027-04-03T00:00:00Z,SCHEDULED,26,Stade Brestois 29,FC Lorient,,,
559492,2027-04-03T00:00:00Z,SCHEDULED,26,RC Strasbourg Alsace,Toulouse FC,,,
559493,2027-04-03T00:00:00Z,SCHEDULED,26,Paris FC,Paris Saint-Germain FC,,,
559494,2027-04-03T00:00:00Z,SCHEDULED,26,OGC Nice,Olympique Lyonnais,,,
559477,2027-04-10T00:00:00Z,SCHEDULED,27,FC Lorient,Racing Club de Lens,,,
559478,2027-04-10T00:00:00Z,SCHEDULED,27,Olympique de Marseille,Stade Brestois 29,,,
559479,2027-04-10T00:00:00Z,SCHEDULED,27,AS Monaco FC,Stade Rennais FC 1901,,,
559480,2027-04-10T00:00:00Z,SCHEDULED,27,ES Troyes AC,Angers SCO,,,
559481,2027-04-10T00:00:00Z,SCHEDULED,27,Paris Saint-Germain FC,Le Havre AC,,,
559482,2027-04-10T00:00:00Z,SCHEDULED,27,Olympique Lyonnais,RC Strasbourg Alsace,,,
559483,2027-04-10T00:00:00Z,SCHEDULED,27,Le Mans FC,AJ Auxerre,,,
559484,2027-04-10T00:00:00Z,SCHEDULED,27,Lille OSC,Toulouse FC,,,
559485,2027-04-10T00:00:00Z,SCHEDULED,27,OGC Nice,Paris FC,,,
559468,2027-04-17T00:00:00Z,SCHEDULED,28,AJ Auxerre,FC Lorient,,,
559469,2027-04-17T00:00:00Z,SCHEDULED,28,Stade Brestois 29,Le Mans FC,,,
559470,2027-04-17T00:00:00Z,SCHEDULED,28,AS Monaco FC,RC Strasbourg Alsace,,,
559471,2027-04-17T00:00:00Z,SCHEDULED,28,Angers SCO,Olympique Lyonnais,,,
559472,2027-04-17T00:00:00Z,SCHEDULED,28,Racing Club de Lens,OGC Nice,,,
559473,2027-04-17T00:00:00Z,SCHEDULED,28,Stade Rennais FC 1901,ES Troyes AC,,,
559474,2027-04-17T00:00:00Z,SCHEDULED,28,Le Havre AC,Olympique de Marseille,,,
559475,2027-04-17T00:00:00Z,SCHEDULED,28,Paris Saint-Germain FC,Lille OSC,,,
559476,2027-04-17T00:00:00Z,SCHEDULED,28,Toulouse FC,Paris FC,,,
559459,2027-04-24T00:00:00Z,SCHEDULED,29,Paris FC,Racing Club de Lens,,,
559460,2027-04-24T00:00:00Z,SCHEDULED,29,Olympique de Marseille,AJ Auxerre,,,
559461,2027-04-24T00:00:00Z,SCHEDULED,29,Lille OSC,AS Monaco FC,,,
559462,2027-04-24T00:00:00Z,SCHEDULED,29,FC Lorient,Paris Saint-Germain FC,,,
559463,2027-04-24T00:00:00Z,SCHEDULED,29,ES Troyes AC,Toulouse FC,,,
559464,2027-04-24T00:00:00Z,SCHEDULED,29,OGC Nice,Angers SCO,,,
559465,2027-04-24T00:00:00Z,SCHEDULED,29,Olympique Lyonnais,Stade Brestois 29,,,
559466,2027-04-24T00:00:00Z,SCHEDULED,29,Le Mans FC,Le Havre AC,,,
559467,2027-04-24T00:00:00Z,SCHEDULED,29,RC Strasbourg Alsace,Stade Rennais FC 1901,,,
559450,2027-05-01T00:00:00Z,SCHEDULED,30,RC Strasbourg Alsace,Lille OSC,,,
559451,2027-05-01T00:00:00Z,SCHEDULED,30,AS Monaco FC,FC Lorient,,,
559452,2027-05-01T00:00:00Z,SCHEDULED,30,ES Troyes AC,Stade Brestois 29,,,
559453,2027-05-01T00:00:00Z,SCHEDULED,30,Racing Club de Lens,Le Mans FC,,,
559454,2027-05-01T00:00:00Z,SCHEDULED,30,Paris Saint-Germain FC,Angers SCO,,,
559455,2027-05-01T00:00:00Z,SCHEDULED,30,Le Havre AC,Paris FC,,,
559456,2027-05-01T00:00:00Z,SCHEDULED,30,AJ Auxerre,Olympique Lyonnais,,,
559457,2027-05-01T00:00:00Z,SCHEDULED,30,Stade Rennais FC 1901,OGC Nice,,,
559458,2027-05-01T00:00:00Z,SCHEDULED,30,Toulouse FC,Olympique de Marseille,,,
559442,2027-05-08T00:00:00Z,SCHEDULED,31,Paris FC,Lille OSC,,,
559443,2027-05-08T00:00:00Z,SCHEDULED,31,FC Lorient,RC Strasbourg Alsace,,,
559444,2027-05-08T00:00:00Z,SCHEDULED,31,Stade Brestois 29,AJ Auxerre,,,
559445,2027-05-08T00:00:00Z,SCHEDULED,31,Le Mans FC,ES Troyes AC,,,
559446,2027-05-08T00:00:00Z,SCHEDULED,31,Stade Rennais FC 1901,Le Havre AC,,,
559447,2027-05-08T00:00:00Z,SCHEDULED,31,Racing Club de Lens,AS Monaco FC,,,
559448,2027-05-08T00:00:00Z,SCHEDULED,31,Angers SCO,Toulouse FC,,,
559449,2027-05-08T00:00:00Z,SCHEDULED,31,OGC Nice,Olympique de Marseille,,,
559441,2027-05-09T18:45:00Z,TIMED,31,Olympique Lyonnais,Paris Saint-Germain FC,,,
559432,2027-05-16T00:00:00Z,SCHEDULED,32,AS Monaco FC,Paris FC,,,
559433,2027-05-16T00:00:00Z,SCHEDULED,32,Olympique Lyonnais,Le Mans FC,,,
559434,2027-05-16T00:00:00Z,SCHEDULED,32,Paris Saint-Germain FC,OGC Nice,,,
559435,2027-05-16T00:00:00Z,SCHEDULED,32,Toulouse FC,FC Lorient,,,
559436,2027-05-16T00:00:00Z,SCHEDULED,32,Stade Brestois 29,Le Havre AC,,,
559437,2027-05-16T00:00:00Z,SCHEDULED,32,Olympique de Marseille,Racing Club de Lens,,,
559438,2027-05-16T00:00:00Z,SCHEDULED,32,Lille OSC,Angers SCO,,,
559439,2027-05-16T00:00:00Z,SCHEDULED,32,AJ Auxerre,Stade Rennais FC 1901,,,
559440,2027-05-16T00:00:00Z,SCHEDULED,32,RC Strasbourg Alsace,ES Troyes AC,,,
559423,2027-05-22T00:00:00Z,SCHEDULED,33,OGC Nice,AS Monaco FC,,,
559424,2027-05-22T00:00:00Z,SCHEDULED,33,Angers SCO,Stade Brestois 29,,,
559425,2027-05-22T00:00:00Z,SCHEDULED,33,FC Lorient,Olympique Lyonnais,,,
559426,2027-05-22T00:00:00Z,SCHEDULED,33,ES Troyes AC,Paris Saint-Germain FC,,,
559427,2027-05-22T00:00:00Z,SCHEDULED,33,Le Mans FC,RC Strasbourg Alsace,,,
559428,2027-05-22T00:00:00Z,SCHEDULED,33,Toulouse FC,AJ Auxerre,,,
559429,2027-05-22T00:00:00Z,SCHEDULED,33,Le Havre AC,Lille OSC,,,
559430,2027-05-22T00:00:00Z,SCHEDULED,33,Paris FC,Olympique de Marseille,,,
559431,2027-05-22T00:00:00Z,SCHEDULED,33,Racing Club de Lens,Stade Rennais FC 1901,,,
559414,2027-05-29T00:00:00Z,SCHEDULED,34,AS Monaco FC,ES Troyes AC,,,
559415,2027-05-29T00:00:00Z,SCHEDULED,34,Paris Saint-Germain FC,Toulouse FC,,,
559416,2027-05-29T00:00:00Z,SCHEDULED,34,Lille OSC,Le Mans FC,,,
559417,2027-05-29T00:00:00Z,SCHEDULED,34,Stade Brestois 29,Racing Club de Lens,,,
559418,2027-05-29T00:00:00Z,SCHEDULED,34,Olympique de Marseille,FC Lorient,,,
559419,2027-05-29T00:00:00Z,SCHEDULED,34,Stade Rennais FC 1901,Angers SCO,,,
559420,2027-05-29T00:00:00Z,SCHEDULED,34,Olympique Lyonnais,Paris FC,,,
559421,2027-05-29T00:00:00Z,SCHEDULED,34,AJ Auxerre,Le Havre AC,,,
559422,2027-05-29T00:00:00Z,SCHEDULED,34,RC Strasbourg Alsace,OGC Nice,,,
